Player Name,Team,2B,Game
Pop Dillon,DET,4,4-25-1901
Frank Isbell,CHI,4,10-13-1906
Gavvy Cravath,PHI,4,8-8-1915
Denny Sothern,PHI,4,6-6-1930
Paul Waner,PIT,4,5-20-1932
Dick Bartell,PHI,4,4-25-1933
Ernie Lombardi,CIN,4,5-8-1935
Billy Werber,BOS,4,7-17-1935
Frankie Hayes,PHI,4,7-25-1936
Mike Kreevich,CHI,4,9-4-1937
Joe Medwick,STL,4,8-4-1937
Marv Owen,CHI,4,4-23-1939
Billy Werber,CIN,4,5-13-1940
Johnny Lindell,NY,4,8-17-1944
Lou Boudreau,CLE,4,7-14-1946
Willie Jones,PHI,4,4-20-1949
Al Zarilla,BOS,4,6-8-1950
Jim Greengrass,CIN,4,4-13-1954
Vic Wertz,CLE,4,9-26-1956
Charlie Lau,BAL,4,7-13-1962
Bill Bruton,DET,4,5-19-1963
Billy Williams,CHI,4,4-9-1969
Orlando Cepeda,BOS,4,8-8-1973
Jim Mason,NY,4,7-8-1974
Dave Duncan,BAL,4,6-30-1975
Rick Miller,BOS,4,5-11-1981
Damaso Garcia,TOR,4,6-27-1986
Rafael Ramirez,ATL,4,5-21-1986
Kirby Puckett,MIN,4,5-13-1989
Billy Hatcher,CIN,4,8-21-1990
Jeff Bagwell,HOU,4,6-14-1996
Sandy Alomar,CLE,4,6-6-1997
Albert Belle,BAL,4,8-29-1999
Albert Belle,BAL,4,9-23-1999
Johnny Damon,KC,4,7-18-2000
Shannon Stewart,TOR,4,7-18-2000
Marcus Giles,ATL,4,7-27-2003
Adam LaRoche,ATL,4,5-15-2004
Matt Murton,CHI,4,8-3-2006
Tomas Perez,TB,4,7-29-2006
Jeff Baker,COL,4,5-30-2008
Alex Rios,TOR,4,8-17-2008
Victor Martinez,BOS,4,6-1-2010
Brock Holt,BOS,4,6-1-2014
David Peralta,ARI,4,4-22-2017
Matt Carpenter,STL,4,8-26-2018
Rafael Devers,BOS,4,8-13-2019
Adam Frazier,PIT,4,7-1-2019
